{
    "imagepath": "00001-48fedd65-ac7a-4e77-bf64-0655f5e7a3e1.png",
    "objects": [
        {
            "class_name": "background",
            "original_size": {
                "width": 3114,
                "height": 2160
            },
            "crop_size": {
                "width": 1380,
                "height": 1063
            },
            "bbox": {
                "xmin": 657,
                "ymin": 547,
                "xmax": 2037,
                "ymax": 1610
            },
            "confidence_score": "0.96"
        }
    ]
}