{
    "imagepath": "10072-3e0103e4-1df1-452f-8216-0d8049be1cec.png",
    "objects": [
        {
            "class_name": "background",
            "original_size": {
                "width": 3054,
                "height": 2160
            },
            "crop_size": {
                "width": 1780,
                "height": 1316
            },
            "bbox": {
                "xmin": 578,
                "ymin": 363,
                "xmax": 2358,
                "ymax": 1679
            },
            "confidence_score": "0.96"
        }
    ]
}