{
    "imagepath": "10072-ae924ca9-fe33-4d93-b02c-4ed149c8773a.png",
    "objects": [
        {
            "class_name": "background",
            "original_size": {
                "width": 3054,
                "height": 2160
            },
            "crop_size": {
                "width": 1780,
                "height": 1316
            },
            "bbox": {
                "xmin": 578,
                "ymin": 363,
                "xmax": 2358,
                "ymax": 1679
            },
            "confidence_score": "0.96"
        }
    ]
}