{
    "imagepath": "00001-7880a7ae-a619-472a-9a13-8c71fa5e4ed2.png",
    "objects": [
        {
            "size": "1.5X21",
            "detail": "PD",
            "symbol_polygon": {
                "point1": [
                    1273,
                    314
                ],
                "point2": [
                    1273,
                    260
                ],
                "point3": [
                    1216,
                    260
                ],
                "point4": [
                    1216,
                    314
                ]
            },
            "size_polygon": {
                "point1": [
                    1271,
                    283
                ],
                "point2": [
                    1271,
                    266
                ],
                "point3": [
                    1221,
                    266
                ],
                "point4": [
                    1221,
                    283
                ]
            },
            "detail_polygon": {
                "point1": [
                    1259,
                    305
                ],
                "point2": [
                    1259,
                    288
                ],
                "point3": [
                    1231,
                    288
                ],
                "point4": [
                    1231,
                    305
                ]
            }
        },
        {
            "size": "15X29",
            "detail": "P",
            "symbol_polygon": {
                "point1": [
                    848,
                    307
                ],
                "point2": [
                    848,
                    253
                ],
                "point3": [
                    792,
                    253
                ],
                "point4": [
                    792,
                    307
                ]
            },
            "size_polygon": {
                "point1": [
                    845,
                    276
                ],
                "point2": [
                    845,
                    258
                ],
                "point3": [
                    793,
                    258
                ],
                "point4": [
                    793,
                    276
                ]
            },
            "detail_polygon": {
                "point1": [
                    833,
                    297
                ],
                "point2": [
                    833,
                    280
                ],
                "point3": [
                    806,
                    280
                ],
                "point4": [
                    806,
                    297
                ]
            }
        },
        {
            "size": "1.5X21.4",
            "detail": "D",
            "symbol_polygon": {
                "point1": [
                    1247,
                    522
                ],
                "point2": [
                    1247,
                    469
                ],
                "point3": [
                    1191,
                    469
                ],
                "point4": [
                    1191,
                    522
                ]
            },
            "size_polygon": {
                "point1": [
                    1245,
                    492
                ],
                "point2": [
                    1246,
                    472
                ],
                "point3": [
                    1190,
                    472
                ],
                "point4": [
                    1190,
                    492
                ]
            },
            "detail_polygon": {
                "point1": [
                    1231,
                    512
                ],
                "point2": [
                    1231,
                    495
                ],
                "point3": [
                    1205,
                    495
                ],
                "point4": [
                    1205,
                    512
                ]
            }
        },
        {
            "size": "15X22",
            "detail": "PD",
            "symbol_polygon": {
                "point1": [
                    525,
                    812
                ],
                "point2": [
                    525,
                    757
                ],
                "point3": [
                    468,
                    757
                ],
                "point4": [
                    468,
                    812
                ]
            },
            "size_polygon": {
                "point1": [
                    522,
                    779
                ],
                "point2": [
                    522,
                    763
                ],
                "point3": [
                    473,
                    763
                ],
                "point4": [
                    473,
                    779
                ]
            },
            "detail_polygon": {
                "point1": [
                    508,
                    802
                ],
                "point2": [
                    508,
                    787
                ],
                "point3": [
                    483,
                    787
                ],
                "point4": [
                    483,
                    802
                ]
            }
        },
        {
            "size": "9X22",
            "detail": "WD",
            "symbol_polygon": {
                "point1": [
                    605,
                    700
                ],
                "point2": [
                    605,
                    644
                ],
                "point3": [
                    549,
                    644
                ],
                "point4": [
                    549,
                    699
                ]
            },
            "size_polygon": {
                "point1": [
                    596,
                    667
                ],
                "point2": [
                    596,
                    650
                ],
                "point3": [
                    553,
                    650
                ],
                "point4": [
                    553,
                    667
                ]
            },
            "detail_polygon": {
                "point1": [
                    562,
                    691
                ],
                "point2": [
                    593,
                    691
                ],
                "point3": [
                    592,
                    673
                ],
                "point4": [
                    562,
                    674
                ]
            }
        },
        {
            "size": "9X22",
            "detail": "WD",
            "symbol_polygon": {
                "point1": [
                    1084,
                    629
                ],
                "point2": [
                    1084,
                    573
                ],
                "point3": [
                    1029,
                    573
                ],
                "point4": [
                    1029,
                    628
                ]
            },
            "size_polygon": {
                "point1": [
                    1077,
                    596
                ],
                "point2": [
                    1077,
                    578
                ],
                "point3": [
                    1033,
                    577
                ],
                "point4": [
                    1033,
                    596
                ]
            },
            "detail_polygon": {
                "point1": [
                    1071,
                    618
                ],
                "point2": [
                    1071,
                    601
                ],
                "point3": [
                    1041,
                    601
                ],
                "point4": [
                    1041,
                    618
                ]
            }
        },
        {
            "size": "14X22",
            "detail": "D",
            "symbol_polygon": {
                "point1": [
                    1118,
                    801
                ],
                "point2": [
                    1118,
                    746
                ],
                "point3": [
                    1061,
                    746
                ],
                "point4": [
                    1061,
                    801
                ]
            },
            "size_polygon": {
                "point1": [
                    1115,
                    768
                ],
                "point2": [
                    1115,
                    752
                ],
                "point3": [
                    1067,
                    752
                ],
                "point4": [
                    1067,
                    768
                ]
            },
            "detail_polygon": {
                "point1": [
                    1102,
                    791
                ],
                "point2": [
                    1102,
                    774
                ],
                "point3": [
                    1075,
                    774
                ],
                "point4": [
                    1075,
                    791
                ]
            }
        },
        {
            "size": "15X22",
            "detail": "PD",
            "symbol_polygon": {
                "point1": [
                    267,
                    812
                ],
                "point2": [
                    267,
                    756
                ],
                "point3": [
                    209,
                    756
                ],
                "point4": [
                    209,
                    812
                ]
            },
            "size_polygon": {
                "point1": [
                    265,
                    779
                ],
                "point2": [
                    265,
                    763
                ],
                "point3": [
                    216,
                    763
                ],
                "point4": [
                    216,
                    779
                ]
            },
            "detail_polygon": {
                "point1": [
                    225,
                    802
                ],
                "point2": [
                    249,
                    802
                ],
                "point3": [
                    249,
                    787
                ],
                "point4": [
                    225,
                    787
                ]
            }
        },
        {
            "size": "150",
            "detail": null,
            "symbol_polygon": {
                "point1": [
                    1116,
                    896
                ],
                "point2": [
                    1116,
                    841
                ],
                "point3": [
                    1061,
                    841
                ],
                "point4": [
                    1061,
                    896
                ]
            },
            "size_polygon": {
                "point1": [
                    1073,
                    886
                ],
                "point2": [
                    1106,
                    886
                ],
                "point3": [
                    1106,
                    869
                ],
                "point4": [
                    1073,
                    869
                ]
            },
            "detail_polygon": null
        },
        {
            "size": "07X29",
            "detail": "PD",
            "symbol_polygon": {
                "point1": [
                    838,
                    812
                ],
                "point2": [
                    838,
                    756
                ],
                "point3": [
                    780,
                    756
                ],
                "point4": [
                    780,
                    812
                ]
            },
            "size_polygon": {
                "point1": [
                    836,
                    780
                ],
                "point2": [
                    836,
                    763
                ],
                "point3": [
                    786,
                    763
                ],
                "point4": [
                    786,
                    780
                ]
            },
            "detail_polygon": {
                "point1": [
                    821,
                    802
                ],
                "point2": [
                    821,
                    787
                ],
                "point3": [
                    796,
                    787
                ],
                "point4": [
                    796,
                    802
                ]
            }
        },
        {
            "size": null,
            "detail": "PW",
            "symbol_polygon": {
                "point1": [
                    1060,
                    85
                ],
                "point2": [
                    1060,
                    31
                ],
                "point3": [
                    1006,
                    31
                ],
                "point4": [
                    1006,
                    85
                ]
            },
            "size_polygon": null,
            "detail_polygon": {
                "point1": [
                    1047,
                    76
                ],
                "point2": [
                    1047,
                    59
                ],
                "point3": [
                    1018,
                    59
                ],
                "point4": [
                    1018,
                    76
                ]
            }
        },
        {
            "size": "7.5X21.4",
            "detail": "PD",
            "symbol_polygon": {
                "point1": [
                    330,
                    618
                ],
                "point2": [
                    330,
                    564
                ],
                "point3": [
                    272,
                    564
                ],
                "point4": [
                    272,
                    618
                ]
            },
            "size_polygon": {
                "point1": [
                    327,
                    587
                ],
                "point2": [
                    327,
                    568
                ],
                "point3": [
                    273,
                    568
                ],
                "point4": [
                    273,
                    587
                ]
            },
            "detail_polygon": {
                "point1": [
                    314,
                    609
                ],
                "point2": [
                    314,
                    592
                ],
                "point3": [
                    288,
                    592
                ],
                "point4": [
                    288,
                    609
                ]
            }
        },
        {
            "size": "11X22",
            "detail": "FSD",
            "symbol_polygon": {
                "point1": [
                    390,
                    285
                ],
                "point2": [
                    390,
                    230
                ],
                "point3": [
                    333,
                    230
                ],
                "point4": [
                    333,
                    285
                ]
            },
            "size_polygon": {
                "point1": [
                    387,
                    252
                ],
                "point2": [
                    387,
                    235
                ],
                "point3": [
                    337,
                    235
                ],
                "point4": [
                    337,
                    252
                ]
            },
            "detail_polygon": {
                "point1": [
                    378,
                    275
                ],
                "point2": [
                    378,
                    259
                ],
                "point3": [
                    344,
                    259
                ],
                "point4": [
                    344,
                    275
                ]
            }
        },
        {
            "size": "15X4.8",
            "detail": "PW",
            "symbol_polygon": {
                "point1": [
                    855,
                    85
                ],
                "point2": [
                    855,
                    30
                ],
                "point3": [
                    799,
                    30
                ],
                "point4": [
                    799,
                    85
                ]
            },
            "size_polygon": {
                "point1": [
                    854,
                    53
                ],
                "point2": [
                    854,
                    35
                ],
                "point3": [
                    799,
                    35
                ],
                "point4": [
                    799,
                    53
                ]
            },
            "detail_polygon": {
                "point1": [
                    812,
                    76
                ],
                "point2": [
                    842,
                    76
                ],
                "point3": [
                    842,
                    60
                ],
                "point4": [
                    812,
                    60
                ]
            }
        },
        {
            "size": "15X11.5",
            "detail": "PW",
            "symbol_polygon": {
                "point1": [
                    268,
                    1045
                ],
                "point2": [
                    268,
                    987
                ],
                "point3": [
                    210,
                    987
                ],
                "point4": [
                    210,
                    1045
                ]
            },
            "size_polygon": {
                "point1": [
                    264,
                    1012
                ],
                "point2": [
                    264,
                    995
                ],
                "point3": [
                    212,
                    995
                ],
                "point4": [
                    212,
                    1012
                ]
            },
            "detail_polygon": {
                "point1": [
                    223,
                    1035
                ],
                "point2": [
                    252,
                    1035
                ],
                "point3": [
                    252,
                    1019
                ],
                "point4": [
                    223,
                    1019
                ]
            }
        },
        {
            "size": "15X11.5",
            "detail": "PW",
            "symbol_polygon": {
                "point1": [
                    525,
                    1044
                ],
                "point2": [
                    525,
                    987
                ],
                "point3": [
                    469,
                    987
                ],
                "point4": [
                    469,
                    1044
                ]
            },
            "size_polygon": {
                "point1": [
                    522,
                    1012
                ],
                "point2": [
                    522,
                    995
                ],
                "point3": [
                    471,
                    995
                ],
                "point4": [
                    471,
                    1012
                ]
            },
            "detail_polygon": {
                "point1": [
                    482,
                    1035
                ],
                "point2": [
                    510,
                    1035
                ],
                "point3": [
                    510,
                    1019
                ],
                "point4": [
                    482,
                    1019
                ]
            }
        },
        {
            "size": "9X4.5",
            "detail": "PW",
            "symbol_polygon": {
                "point1": [
                    1272,
                    191
                ],
                "point2": [
                    1272,
                    136
                ],
                "point3": [
                    1217,
                    136
                ],
                "point4": [
                    1217,
                    191
                ]
            },
            "size_polygon": {
                "point1": [
                    1268,
                    159
                ],
                "point2": [
                    1268,
                    142
                ],
                "point3": [
                    1219,
                    142
                ],
                "point4": [
                    1219,
                    159
                ]
            },
            "detail_polygon": {
                "point1": [
                    1259,
                    181
                ],
                "point2": [
                    1259,
                    164
                ],
                "point3": [
                    1229,
                    164
                ],
                "point4": [
                    1229,
                    180
                ]
            }
        },
        {
            "size": "10X20",
            "detail": "AG",
            "symbol_polygon": {
                "point1": [
                    1275,
                    1045
                ],
                "point2": [
                    1275,
                    990
                ],
                "point3": [
                    1221,
                    990
                ],
                "point4": [
                    1221,
                    1045
                ]
            },
            "size_polygon": {
                "point1": [
                    1274,
                    1012
                ],
                "point2": [
                    1274,
                    995
                ],
                "point3": [
                    1224,
                    995
                ],
                "point4": [
                    1224,
                    1012
                ]
            },
            "detail_polygon": {
                "point1": [
                    1262,
                    1035
                ],
                "point2": [
                    1262,
                    1019
                ],
                "point3": [
                    1236,
                    1019
                ],
                "point4": [
                    1236,
                    1035
                ]
            }
        },
        {
            "size": "14X20",
            "detail": "PW",
            "symbol_polygon": {
                "point1": [
                    1117,
                    1045
                ],
                "point2": [
                    1117,
                    990
                ],
                "point3": [
                    1062,
                    990
                ],
                "point4": [
                    1062,
                    1045
                ]
            },
            "size_polygon": {
                "point1": [
                    1115,
                    1012
                ],
                "point2": [
                    1115,
                    995
                ],
                "point3": [
                    1064,
                    995
                ],
                "point4": [
                    1064,
                    1012
                ]
            },
            "detail_polygon": {
                "point1": [
                    1075,
                    1035
                ],
                "point2": [
                    1104,
                    1035
                ],
                "point3": [
                    1104,
                    1018
                ],
                "point4": [
                    1075,
                    1018
                ]
            }
        },
        {
            "size": "9X22",
            "detail": "WD",
            "symbol_polygon": {
                "point1": [
                    341,
                    699
                ],
                "point2": [
                    341,
                    644
                ],
                "point3": [
                    286,
                    644
                ],
                "point4": [
                    286,
                    698
                ]
            },
            "size_polygon": {
                "point1": [
                    334,
                    667
                ],
                "point2": [
                    334,
                    651
                ],
                "point3": [
                    291,
                    650
                ],
                "point4": [
                    291,
                    667
                ]
            },
            "detail_polygon": {
                "point1": [
                    298,
                    690
                ],
                "point2": [
                    329,
                    690
                ],
                "point3": [
                    329,
                    674
                ],
                "point4": [
                    298,
                    674
                ]
            }
        },
        {
            "size": "27X20",
            "detail": "PW",
            "symbol_polygon": {
                "point1": [
                    836,
                    1045
                ],
                "point2": [
                    836,
                    990
                ],
                "point3": [
                    782,
                    990
                ],
                "point4": [
                    782,
                    1045
                ]
            },
            "size_polygon": {
                "point1": [
                    834,
                    1012
                ],
                "point2": [
                    834,
                    996
                ],
                "point3": [
                    784,
                    996
                ],
                "point4": [
                    784,
                    1012
                ]
            },
            "detail_polygon": {
                "point1": [
                    795,
                    1035
                ],
                "point2": [
                    824,
                    1035
                ],
                "point3": [
                    824,
                    1019
                ],
                "point4": [
                    795,
                    1019
                ]
            }
        }
    ]
}