{
    "imagepath": "00001-7880a7ae-a619-472a-9a13-8c71fa5e4ed2.png",
    "objects": [
        {
            "class_name": "background",
            "original_size": {
                "width": 3114,
                "height": 2160
            },
            "crop_size": {
                "width": 1380,
                "height": 1063
            },
            "bbox": {
                "xmin": 657,
                "ymin": 547,
                "xmax": 2037,
                "ymax": 1610
            },
            "confidence_score": "0.96"
        }
    ]
}