{
    "imagepath": "00001-d8ff3279-bb1a-4064-aa97-bcc2c4026478.png",
    "objects": [
        {
            "class_name": "background",
            "confidence_score": 0.95,
            "polygon": [
                [
                    574,
                    71
                ],
                [
                    575,
                    87
                ],
                [
                    592,
                    88
                ],
                [
                    741,
                    87
                ],
                [
                    754,
                    88
                ],
                [
                    762,
                    92
                ],
                [
                    877,
                    92
                ],
                [
                    885,
                    88
                ],
                [
                    906,
                    88
                ],
                [
                    907,
                    80
                ],
                [
                    919,
                    70
                ],
                [
                    989,
                    68
                ],
                [
                    999,
                    76
                ],
                [
                    1002,
                    90
                ],
                [
                    1006,
                    92
                ],
                [
                    1071,
                    92
                ],
                [
                    1075,
                    89
                ],
                [
                    1095,
                    88
                ],
                [
                    1188,
                    89
                ],
                [
                    1198,
                    97
                ],
                [
                    1203,
                    109
                ],
                [
                    1200,
                    196
                ],
                [
                    1276,
                    198
                ],
                [
                    1284,
                    194
                ],
                [
                    1303,
                    194
                ],
                [
                    1303,
                    23
                ],
                [
                    586,
                    23
                ],
                [
                    586,
                    46
                ]
            ]
        },
        {
            "class_name": "background",
            "confidence_score": 0.95,
            "polygon": [
                [
                    40,
                    808
                ],
                [
                    69,
                    808
                ],
                [
                    70,
                    807
                ],
                [
                    70,
                    806
                ],
                [
                    71,
                    806
                ],
                [
                    71,
                    799
                ],
                [
                    72,
                    798
                ],
                [
                    72,
                    751
                ],
                [
                    71,
                    750
                ],
                [
                    71,
                    692
                ],
                [
                    70,
                    692
                ],
                [
                    70,
                    690
                ],
                [
                    69,
                    689
                ],
                [
                    69,
                    668
                ],
                [
                    67,
                    668
                ],
                [
                    66,
                    669
                ],
                [
                    61,
                    669
                ],
                [
                    61,
                    670
                ],
                [
                    54,
                    677
                ],
                [
                    52,
                    677
                ],
                [
                    51,
                    678
                ],
                [
                    51,
                    679
                ],
                [
                    50,
                    680
                ],
                [
                    50,
                    682
                ],
                [
                    49,
                    682
                ],
                [
                    49,
                    684
                ],
                [
                    40,
                    693
                ]
            ]
        },
        {
            "class_name": "background",
            "confidence_score": 0.95,
            "polygon": [
                [
                    40,
                    988
                ],
                [
                    40,
                    1040
                ],
                [
                    1303,
                    1040
                ],
                [
                    1303,
                    988
                ],
                [
                    1286,
                    985
                ],
                [
                    1215,
                    985
                ],
                [
                    1204,
                    989
                ],
                [
                    1040,
                    986
                ],
                [
                    1027,
                    1002
                ],
                [
                    1018,
                    1005
                ],
                [
                    947,
                    1005
                ],
                [
                    937,
                    1002
                ],
                [
                    929,
                    994
                ],
                [
                    928,
                    987
                ],
                [
                    695,
                    987
                ],
                [
                    682,
                    1002
                ],
                [
                    668,
                    1007
                ],
                [
                    579,
                    1005
                ],
                [
                    569,
                    1002
                ],
                [
                    560,
                    987
                ],
                [
                    540,
                    984
                ],
                [
                    437,
                    985
                ],
                [
                    423,
                    989
                ],
                [
                    309,
                    989
                ],
                [
                    294,
                    985
                ]
            ]
        },
        {
            "class_name": "bed_room",
            "confidence_score": 0.98,
            "polygon": [
                [
                    1012,
                    815
                ],
                [
                    1317,
                    815
                ],
                [
                    1317,
                    551
                ],
                [
                    1012,
                    551
                ]
            ]
        },
        {
            "class_name": "bed_room",
            "confidence_score": 0.98,
            "polygon": [
                [
                    30,
                    825
                ],
                [
                    88,
                    825
                ],
                [
                    88,
                    642
                ],
                [
                    25,
                    642
                ]
            ]
        },
        {
            "class_name": "bed_room",
            "confidence_score": 0.98,
            "polygon": [
                [
                    353,
                    825
                ],
                [
                    353,
                    642
                ],
                [
                    122,
                    642
                ],
                [
                    122,
                    825
                ]
            ]
        },
        {
            "class_name": "bed_room",
            "confidence_score": 0.98,
            "polygon": [
                [
                    607,
                    825
                ],
                [
                    608,
                    642
                ],
                [
                    376,
                    642
                ],
                [
                    376,
                    825
                ]
            ]
        },
        {
            "class_name": "living_kitchen",
            "confidence_score": 0.98,
            "polygon": [
                [
                    273,
                    618
                ],
                [
                    632,
                    619
                ],
                [
                    642,
                    825
                ],
                [
                    993,
                    825
                ],
                [
                    957,
                    248
                ],
                [
                    653,
                    248
                ],
                [
                    652,
                    524
                ],
                [
                    273,
                    526
                ]
            ]
        },
        {
            "class_name": "wall",
            "confidence_score": 0.98,
            "polygon": [
                [
                    106,
                    61
                ],
                [
                    114,
                    61
                ],
                [
                    114,
                    56
                ],
                [
                    115,
                    55
                ],
                [
                    119,
                    55
                ],
                [
                    120,
                    56
                ],
                [
                    120,
                    61
                ],
                [
                    121,
                    61
                ],
                [
                    121,
                    56
                ],
                [
                    122,
                    55
                ],
                [
                    133,
                    55
                ],
                [
                    133,
                    54
                ],
                [
                    134,
                    53
                ],
                [
                    134,
                    51
                ],
                [
                    135,
                    50
                ],
                [
                    136,
                    50
                ],
                [
                    136,
                    19
                ],
                [
                    106,
                    19
                ]
            ]
        },
        {
            "class_name": "wall",
            "confidence_score": 0.98,
            "polygon": [
                [
                    887,
                    104
                ],
                [
                    887,
                    135
                ],
                [
                    896,
                    135
                ],
                [
                    896,
                    131
                ],
                [
                    897,
                    130
                ],
                [
                    923,
                    130
                ],
                [
                    923,
                    129
                ],
                [
                    924,
                    128
                ],
                [
                    977,
                    128
                ],
                [
                    978,
                    129
                ],
                [
                    978,
                    130
                ],
                [
                    979,
                    130
                ],
                [
                    979,
                    129
                ],
                [
                    980,
                    128
                ],
                [
                    984,
                    128
                ],
                [
                    984,
                    130
                ],
                [
                    998,
                    130
                ],
                [
                    998,
                    128
                ],
                [
                    999,
                    128
                ],
                [
                    999,
                    105
                ],
                [
                    998,
                    105
                ],
                [
                    998,
                    104
                ],
                [
                    987,
                    104
                ],
                [
                    987,
                    97
                ],
                [
                    986,
                    96
                ],
                [
                    986,
                    83
                ],
                [
                    922,
                    83
                ],
                [
                    922,
                    100
                ],
                [
                    921,
                    101
                ],
                [
                    921,
                    103
                ],
                [
                    920,
                    104
                ]
            ]
        },
        {
            "class_name": "wall",
            "confidence_score": 0.98,
            "polygon": [
                [
                    100,
                    152
                ],
                [
                    100,
                    182
                ],
                [
                    542,
                    183
                ],
                [
                    542,
                    321
                ],
                [
                    407,
                    323
                ],
                [
                    407,
                    345
                ],
                [
                    417,
                    346
                ],
                [
                    422,
                    358
                ],
                [
                    450,
                    358
                ],
                [
                    451,
                    353
                ],
                [
                    571,
                    352
                ],
                [
                    572,
                    135
                ],
                [
                    576,
                    131
                ],
                [
                    630,
                    130
                ],
                [
                    634,
                    133
                ],
                [
                    635,
                    231
                ],
                [
                    757,
                    232
                ],
                [
                    757,
                    224
                ],
                [
                    747,
                    221
                ],
                [
                    650,
                    221
                ],
                [
                    645,
                    215
                ],
                [
                    647,
                    131
                ],
                [
                    757,
                    127
                ],
                [
                    757,
                    105
                ],
                [
                    575,
                    104
                ],
                [
                    562,
                    100
                ],
                [
                    561,
                    91
                ],
                [
                    571,
                    58
                ],
                [
                    570,
                    19
                ],
                [
                    545,
                    19
                ],
                [
                    544,
                    152
                ],
                [
                    329,
                    152
                ],
                [
                    327,
                    88
                ],
                [
                    306,
                    88
                ],
                [
                    304,
                    152
                ],
                [
                    130,
                    152
                ],
                [
                    122,
                    149
                ]
            ]
        },
        {
            "class_name": "wall",
            "confidence_score": 0.98,
            "polygon": [
                [
                    648,
                    237
                ],
                [
                    637,
                    237
                ],
                [
                    637,
                    305
                ],
                [
                    635,
                    306
                ],
                [
                    635,
                    325
                ],
                [
                    637,
                    326
                ],
                [
                    637,
                    338
                ],
                [
                    635,
                    339
                ],
                [
                    635,
                    349
                ],
                [
                    628,
                    351
                ],
                [
                    580,
                    351
                ],
                [
                    580,
                    361
                ],
                [
                    609,
                    361
                ],
                [
                    610,
                    362
                ],
                [
                    626,
                    361
                ],
                [
                    627,
                    362
                ],
                [
                    634,
                    362
                ],
                [
                    637,
                    365
                ],
                [
                    637,
                    503
                ],
                [
                    635,
                    504
                ],
                [
                    634,
                    507
                ],
                [
                    626,
                    509
                ],
                [
                    626,
                    512
                ],
                [
                    624,
                    513
                ],
                [
                    626,
                    515
                ],
                [
                    626,
                    523
                ],
                [
                    646,
                    523
                ],
                [
                    646,
                    519
                ],
                [
                    648,
                    518
                ],
                [
                    648,
                    484
                ],
                [
                    649,
                    483
                ],
                [
                    649,
                    463
                ],
                [
                    648,
                    462
                ]
            ]
        },
        {
            "class_name": "wall",
            "confidence_score": 0.98,
            "polygon": [
                [
                    449,
                    359
                ],
                [
                    449,
                    407
                ],
                [
                    451,
                    408
                ],
                [
                    451,
                    418
                ],
                [
                    449,
                    419
                ],
                [
                    449,
                    506
                ],
                [
                    446,
                    508
                ],
                [
                    413,
                    508
                ],
                [
                    413,
                    523
                ],
                [
                    557,
                    523
                ],
                [
                    557,
                    508
                ],
                [
                    502,
                    508
                ],
                [
                    498,
                    504
                ],
                [
                    498,
                    424
                ],
                [
                    497,
                    423
                ],
                [
                    497,
                    412
                ],
                [
                    498,
                    411
                ],
                [
                    498,
                    359
                ],
                [
                    490,
                    359
                ],
                [
                    490,
                    418
                ],
                [
                    486,
                    420
                ],
                [
                    483,
                    420
                ],
                [
                    482,
                    422
                ],
                [
                    476,
                    422
                ],
                [
                    475,
                    420
                ],
                [
                    469,
                    420
                ],
                [
                    467,
                    422
                ],
                [
                    466,
                    420
                ],
                [
                    460,
                    420
                ],
                [
                    456,
                    418
                ],
                [
                    456,
                    414
                ],
                [
                    458,
                    413
                ],
                [
                    458,
                    398
                ],
                [
                    459,
                    397
                ],
                [
                    458,
                    359
                ]
            ]
        },
        {
            "class_name": "wall",
            "confidence_score": 0.98,
            "polygon": [
                [
                    19,
                    322
                ],
                [
                    19,
                    349
                ],
                [
                    90,
                    353
                ],
                [
                    93,
                    362
                ],
                [
                    90,
                    416
                ],
                [
                    19,
                    416
                ],
                [
                    19,
                    423
                ],
                [
                    86,
                    422
                ],
                [
                    92,
                    427
                ],
                [
                    92,
                    623
                ],
                [
                    88,
                    628
                ],
                [
                    19,
                    628
                ],
                [
                    19,
                    635
                ],
                [
                    91,
                    638
                ],
                [
                    91,
                    833
                ],
                [
                    36,
                    835
                ],
                [
                    33,
                    842
                ],
                [
                    91,
                    844
                ],
                [
                    93,
                    944
                ],
                [
                    75,
                    951
                ],
                [
                    37,
                    949
                ],
                [
                    34,
                    975
                ],
                [
                    171,
                    975
                ],
                [
                    171,
                    949
                ],
                [
                    122,
                    948
                ],
                [
                    114,
                    943
                ],
                [
                    115,
                    847
                ],
                [
                    171,
                    842
                ],
                [
                    169,
                    836
                ],
                [
                    115,
                    833
                ],
                [
                    115,
                    642
                ],
                [
                    119,
                    636
                ],
                [
                    273,
                    636
                ],
                [
                    277,
                    630
                ],
                [
                    266,
                    622
                ],
                [
                    115,
                    627
                ],
                [
                    114,
                    427
                ],
                [
                    120,
                    422
                ],
                [
                    254,
                    423
                ],
                [
                    258,
                    427
                ],
                [
                    259,
                    558
                ],
                [
                    268,
                    556
                ],
                [
                    271,
                    519
                ],
                [
                    304,
                    519
                ],
                [
                    307,
                    513
                ],
                [
                    268,
                    506
                ],
                [
                    268,
                    358
                ],
                [
                    259,
                    358
                ],
                [
                    256,
                    416
                ],
                [
                    115,
                    416
                ],
                [
                    113,
                    361
                ],
                [
                    119,
                    353
                ],
                [
                    296,
                    350
                ],
                [
                    315,
                    342
                ],
                [
                    315,
                    322
                ]
            ]
        },
        {
            "class_name": "wall",
            "confidence_score": 0.98,
            "polygon": [
                [
                    536,
                    625
                ],
                [
                    359,
                    625
                ],
                [
                    359,
                    831
                ],
                [
                    371,
                    831
                ],
                [
                    371,
                    641
                ],
                [
                    375,
                    637
                ],
                [
                    454,
                    637
                ],
                [
                    455,
                    639
                ],
                [
                    457,
                    637
                ],
                [
                    462,
                    637
                ],
                [
                    463,
                    639
                ],
                [
                    470,
                    639
                ],
                [
                    471,
                    637
                ],
                [
                    473,
                    637
                ],
                [
                    474,
                    639
                ],
                [
                    493,
                    639
                ],
                [
                    494,
                    637
                ],
                [
                    495,
                    639
                ],
                [
                    499,
                    639
                ],
                [
                    500,
                    637
                ],
                [
                    521,
                    637
                ],
                [
                    522,
                    639
                ],
                [
                    529,
                    639
                ],
                [
                    530,
                    637
                ],
                [
                    536,
                    637
                ]
            ]
        },
        {
            "class_name": "wall",
            "confidence_score": 0.98,
            "polygon": [
                [
                    623,
                    830
                ],
                [
                    624,
                    829
                ],
                [
                    630,
                    829
                ],
                [
                    631,
                    827
                ],
                [
                    633,
                    827
                ],
                [
                    634,
                    826
                ],
                [
                    633,
                    825
                ],
                [
                    633,
                    649
                ],
                [
                    634,
                    648
                ],
                [
                    638,
                    648
                ],
                [
                    638,
                    644
                ],
                [
                    634,
                    644
                ],
                [
                    633,
                    643
                ],
                [
                    633,
                    640
                ],
                [
                    634,
                    639
                ],
                [
                    638,
                    639
                ],
                [
                    638,
                    630
                ],
                [
                    618,
                    630
                ],
                [
                    618,
                    830
                ]
            ]
        },
        {
            "class_name": "wall",
            "confidence_score": 0.98,
            "polygon": [
                [
                    433,
                    843
                ],
                [
                    433,
                    838
                ],
                [
                    305,
                    838
                ],
                [
                    305,
                    846
                ],
                [
                    425,
                    846
                ],
                [
                    426,
                    845
                ],
                [
                    427,
                    845
                ],
                [
                    427,
                    844
                ],
                [
                    428,
                    843
                ]
            ]
        },
        {
            "class_name": "wall",
            "confidence_score": 0.98,
            "polygon": [
                [
                    698,
                    842
                ],
                [
                    698,
                    838
                ],
                [
                    564,
                    838
                ],
                [
                    564,
                    846
                ],
                [
                    689,
                    846
                ],
                [
                    690,
                    845
                ],
                [
                    691,
                    845
                ],
                [
                    691,
                    844
                ],
                [
                    693,
                    842
                ]
            ]
        },
        {
            "class_name": "wall",
            "confidence_score": 0.98,
            "polygon": [
                [
                    305,
                    975
                ],
                [
                    428,
                    975
                ],
                [
                    428,
                    949
                ],
                [
                    305,
                    949
                ]
            ]
        },
        {
            "class_name": "wall",
            "confidence_score": 0.98,
            "polygon": [
                [
                    698,
                    975
                ],
                [
                    698,
                    949
                ],
                [
                    564,
                    949
                ],
                [
                    564,
                    975
                ],
                [
                    580,
                    975
                ],
                [
                    580,
                    989
                ],
                [
                    672,
                    989
                ],
                [
                    673,
                    988
                ],
                [
                    675,
                    988
                ],
                [
                    675,
                    986
                ],
                [
                    676,
                    985
                ],
                [
                    676,
                    980
                ],
                [
                    675,
                    979
                ],
                [
                    675,
                    975
                ]
            ]
        },
        {
            "class_name": "wall",
            "confidence_score": 0.98,
            "polygon": [
                [
                    1081,
                    104
                ],
                [
                    1081,
                    130
                ],
                [
                    1110,
                    130
                ],
                [
                    1112,
                    133
                ],
                [
                    1112,
                    158
                ],
                [
                    1111,
                    159
                ],
                [
                    1111,
                    183
                ],
                [
                    1112,
                    184
                ],
                [
                    1112,
                    200
                ],
                [
                    1114,
                    200
                ],
                [
                    1115,
                    201
                ],
                [
                    1123,
                    201
                ],
                [
                    1124,
                    200
                ],
                [
                    1152,
                    200
                ],
                [
                    1153,
                    201
                ],
                [
                    1157,
                    201
                ],
                [
                    1159,
                    205
                ],
                [
                    1159,
                    229
                ],
                [
                    1161,
                    230
                ],
                [
                    1161,
                    233
                ],
                [
                    1162,
                    235
                ],
                [
                    1200,
                    235
                ],
                [
                    1200,
                    234
                ],
                [
                    1202,
                    233
                ],
                [
                    1203,
                    231
                ],
                [
                    1203,
                    217
                ],
                [
                    1202,
                    216
                ],
                [
                    1202,
                    214
                ],
                [
                    1201,
                    214
                ],
                [
                    1199,
                    212
                ],
                [
                    1188,
                    212
                ],
                [
                    1184,
                    207
                ],
                [
                    1184,
                    151
                ],
                [
                    1185,
                    150
                ],
                [
                    1185,
                    104
                ]
            ]
        },
        {
            "class_name": "wall",
            "confidence_score": 0.98,
            "polygon": [
                [
                    887,
                    221
                ],
                [
                    887,
                    232
                ],
                [
                    962,
                    232
                ],
                [
                    968,
                    233
                ],
                [
                    971,
                    236
                ],
                [
                    972,
                    301
                ],
                [
                    975,
                    302
                ],
                [
                    976,
                    304
                ],
                [
                    981,
                    304
                ],
                [
                    982,
                    302
                ],
                [
                    1032,
                    302
                ],
                [
                    1033,
                    303
                ],
                [
                    1034,
                    302
                ],
                [
                    1049,
                    302
                ],
                [
                    1050,
                    304
                ],
                [
                    1071,
                    304
                ],
                [
                    1072,
                    302
                ],
                [
                    1106,
                    302
                ],
                [
                    1107,
                    304
                ],
                [
                    1183,
                    304
                ],
                [
                    1185,
                    306
                ],
                [
                    1186,
                    344
                ],
                [
                    1188,
                    346
                ],
                [
                    1191,
                    346
                ],
                [
                    1192,
                    348
                ],
                [
                    1203,
                    348
                ],
                [
                    1204,
                    346
                ],
                [
                    1220,
                    346
                ],
                [
                    1220,
                    337
                ],
                [
                    1199,
                    337
                ],
                [
                    1195,
                    332
                ],
                [
                    1195,
                    294
                ],
                [
                    1147,
                    294
                ],
                [
                    1146,
                    293
                ],
                [
                    988,
                    294
                ],
                [
                    984,
                    293
                ],
                [
                    982,
                    290
                ],
                [
                    982,
                    249
                ],
                [
                    981,
                    248
                ],
                [
                    982,
                    221
                ]
            ]
        },
        {
            "class_name": "wall",
            "confidence_score": 0.98,
            "polygon": [
                [
                    1046,
                    311
                ],
                [
                    1045,
                    391
                ],
                [
                    1022,
                    392
                ],
                [
                    1022,
                    491
                ],
                [
                    1026,
                    491
                ],
                [
                    1026,
                    430
                ],
                [
                    1028,
                    429
                ],
                [
                    1028,
                    407
                ],
                [
                    1031,
                    403
                ],
                [
                    1055,
                    402
                ],
                [
                    1055,
                    325
                ],
                [
                    1057,
                    322
                ],
                [
                    1144,
                    322
                ],
                [
                    1146,
                    321
                ],
                [
                    1165,
                    322
                ],
                [
                    1168,
                    325
                ],
                [
                    1168,
                    368
                ],
                [
                    1166,
                    369
                ],
                [
                    1168,
                    371
                ],
                [
                    1168,
                    402
                ],
                [
                    1166,
                    403
                ],
                [
                    1166,
                    461
                ],
                [
                    1170,
                    465
                ],
                [
                    1183,
                    463
                ],
                [
                    1183,
                    311
                ]
            ]
        },
        {
            "class_name": "wall",
            "confidence_score": 0.98,
            "polygon": [
                [
                    979,
                    311
                ],
                [
                    979,
                    550
                ],
                [
                    1021,
                    550
                ],
                [
                    1021,
                    418
                ],
                [
                    991,
                    418
                ],
                [
                    990,
                    417
                ],
                [
                    990,
                    415
                ],
                [
                    989,
                    414
                ],
                [
                    989,
                    408
                ],
                [
                    990,
                    407
                ],
                [
                    990,
                    334
                ],
                [
                    989,
                    333
                ],
                [
                    989,
                    311
                ]
            ]
        },
        {
            "class_name": "wall",
            "confidence_score": 0.98,
            "polygon": [
                [
                    1323,
                    435
                ],
                [
                    1323,
                    428
                ],
                [
                    1259,
                    428
                ],
                [
                    1259,
                    437
                ],
                [
                    1315,
                    437
                ],
                [
                    1315,
                    436
                ],
                [
                    1316,
                    435
                ]
            ]
        },
        {
            "class_name": "wall",
            "confidence_score": 0.98,
            "polygon": [
                [
                    1183,
                    544
                ],
                [
                    1183,
                    528
                ],
                [
                    1173,
                    528
                ],
                [
                    1172,
                    529
                ],
                [
                    1170,
                    529
                ],
                [
                    1170,
                    530
                ],
                [
                    1167,
                    532
                ],
                [
                    1031,
                    532
                ],
                [
                    1030,
                    531
                ],
                [
                    1029,
                    531
                ],
                [
                    1028,
                    530
                ],
                [
                    1028,
                    529
                ],
                [
                    1027,
                    529
                ],
                [
                    1026,
                    528
                ],
                [
                    1026,
                    508
                ],
                [
                    1022,
                    508
                ],
                [
                    1022,
                    542
                ],
                [
                    1052,
                    542
                ],
                [
                    1053,
                    543
                ],
                [
                    1168,
                    543
                ],
                [
                    1169,
                    544
                ]
            ]
        },
        {
            "class_name": "wall",
            "confidence_score": 0.98,
            "polygon": [
                [
                    1259,
                    550
                ],
                [
                    1323,
                    550
                ],
                [
                    1323,
                    535
                ],
                [
                    1259,
                    535
                ]
            ]
        },
        {
            "class_name": "wall",
            "confidence_score": 0.98,
            "polygon": [
                [
                    1283,
                    210
                ],
                [
                    1283,
                    229
                ],
                [
                    1286,
                    233
                ],
                [
                    1328,
                    233
                ],
                [
                    1332,
                    237
                ],
                [
                    1331,
                    334
                ],
                [
                    1328,
                    337
                ],
                [
                    1286,
                    338
                ],
                [
                    1284,
                    342
                ],
                [
                    1286,
                    346
                ],
                [
                    1327,
                    346
                ],
                [
                    1331,
                    370
                ],
                [
                    1329,
                    818
                ],
                [
                    1326,
                    824
                ],
                [
                    1162,
                    824
                ],
                [
                    1162,
                    842
                ],
                [
                    1171,
                    842
                ],
                [
                    1177,
                    833
                ],
                [
                    1328,
                    833
                ],
                [
                    1331,
                    836
                ],
                [
                    1332,
                    946
                ],
                [
                    1327,
                    949
                ],
                [
                    1297,
                    949
                ],
                [
                    1294,
                    975
                ],
                [
                    1359,
                    975
                ],
                [
                    1359,
                    210
                ]
            ]
        },
        {
            "class_name": "wall",
            "confidence_score": 0.98,
            "polygon": [
                [
                    995,
                    821
                ],
                [
                    1010,
                    821
                ],
                [
                    1010,
                    625
                ],
                [
                    995,
                    625
                ]
            ]
        },
        {
            "class_name": "wall",
            "confidence_score": 0.98,
            "polygon": [
                [
                    936,
                    846
                ],
                [
                    1016,
                    846
                ],
                [
                    1017,
                    845
                ],
                [
                    1017,
                    838
                ],
                [
                    1018,
                    837
                ],
                [
                    1018,
                    836
                ],
                [
                    1019,
                    835
                ],
                [
                    1020,
                    835
                ],
                [
                    1021,
                    834
                ],
                [
                    1033,
                    834
                ],
                [
                    1034,
                    833
                ],
                [
                    1036,
                    833
                ],
                [
                    1036,
                    822
                ],
                [
                    1007,
                    822
                ],
                [
                    1007,
                    831
                ],
                [
                    1006,
                    832
                ],
                [
                    1006,
                    833
                ],
                [
                    1004,
                    835
                ],
                [
                    936,
                    835
                ]
            ]
        },
        {
            "class_name": "wall",
            "confidence_score": 0.98,
            "polygon": [
                [
                    1210,
                    975
                ],
                [
                    1210,
                    948
                ],
                [
                    1204,
                    948
                ],
                [
                    1203,
                    947
                ],
                [
                    1177,
                    947
                ],
                [
                    1176,
                    946
                ],
                [
                    1176,
                    945
                ],
                [
                    1175,
                    944
                ],
                [
                    1175,
                    919
                ],
                [
                    1174,
                    919
                ],
                [
                    1173,
                    918
                ],
                [
                    1173,
                    916
                ],
                [
                    1174,
                    915
                ],
                [
                    1175,
                    915
                ],
                [
                    1175,
                    907
                ],
                [
                    1162,
                    907
                ],
                [
                    1162,
                    975
                ]
            ]
        },
        {
            "class_name": "wall",
            "confidence_score": 0.98,
            "polygon": [
                [
                    1037,
                    949
                ],
                [
                    936,
                    949
                ],
                [
                    936,
                    975
                ],
                [
                    947,
                    975
                ],
                [
                    947,
                    989
                ],
                [
                    1017,
                    989
                ],
                [
                    1018,
                    988
                ],
                [
                    1020,
                    988
                ],
                [
                    1021,
                    987
                ],
                [
                    1021,
                    977
                ],
                [
                    1020,
                    976
                ],
                [
                    1021,
                    975
                ],
                [
                    1021,
                    973
                ],
                [
                    1022,
                    972
                ],
                [
                    1022,
                    975
                ],
                [
                    1037,
                    975
                ]
            ]
        },
        {
            "class_name": "others",
            "confidence_score": 0.97,
            "polygon": [
                [
                    303,
                    25
                ],
                [
                    139,
                    25
                ],
                [
                    139,
                    150
                ],
                [
                    303,
                    150
                ]
            ]
        },
        {
            "class_name": "others",
            "confidence_score": 0.97,
            "polygon": [
                [
                    541,
                    316
                ],
                [
                    541,
                    185
                ],
                [
                    440,
                    185
                ],
                [
                    440,
                    318
                ]
            ]
        },
        {
            "class_name": "others",
            "confidence_score": 0.97,
            "polygon": [
                [
                    25,
                    185
                ],
                [
                    25,
                    320
                ],
                [
                    427,
                    320
                ],
                [
                    427,
                    185
                ]
            ]
        },
        {
            "class_name": "others",
            "confidence_score": 0.97,
            "polygon": [
                [
                    88,
                    365
                ],
                [
                    25,
                    365
                ],
                [
                    25,
                    409
                ],
                [
                    88,
                    409
                ]
            ]
        },
        {
            "class_name": "others",
            "confidence_score": 0.97,
            "polygon": [
                [
                    122,
                    409
                ],
                [
                    253,
                    409
                ],
                [
                    255,
                    365
                ],
                [
                    122,
                    365
                ]
            ]
        },
        {
            "class_name": "others",
            "confidence_score": 0.97,
            "polygon": [
                [
                    467,
                    365
                ],
                [
                    467,
                    416
                ],
                [
                    487,
                    416
                ],
                [
                    487,
                    365
                ]
            ]
        },
        {
            "class_name": "others",
            "confidence_score": 0.97,
            "polygon": [
                [
                    1155,
                    187
                ],
                [
                    1156,
                    182
                ],
                [
                    1161,
                    180
                ],
                [
                    1161,
                    137
                ],
                [
                    1130,
                    137
                ],
                [
                    1130,
                    187
                ]
            ]
        },
        {
            "class_name": "others",
            "confidence_score": 0.97,
            "polygon": [
                [
                    624,
                    142
                ],
                [
                    586,
                    142
                ],
                [
                    586,
                    343
                ],
                [
                    628,
                    343
                ]
            ]
        },
        {
            "class_name": "others",
            "confidence_score": 0.97,
            "polygon": [
                [
                    996,
                    416
                ],
                [
                    1011,
                    416
                ],
                [
                    1014,
                    389
                ],
                [
                    1042,
                    387
                ],
                [
                    1042,
                    317
                ],
                [
                    996,
                    317
                ]
            ]
        },
        {
            "class_name": "others",
            "confidence_score": 0.97,
            "polygon": [
                [
                    505,
                    501
                ],
                [
                    622,
                    506
                ],
                [
                    630,
                    499
                ],
                [
                    628,
                    365
                ],
                [
                    505,
                    365
                ]
            ]
        },
        {
            "class_name": "others",
            "confidence_score": 0.97,
            "polygon": [
                [
                    1184,
                    445
                ],
                [
                    1184,
                    533
                ],
                [
                    1317,
                    533
                ],
                [
                    1317,
                    445
                ]
            ]
        },
        {
            "class_name": "others",
            "confidence_score": 0.97,
            "polygon": [
                [
                    1179,
                    940
                ],
                [
                    1209,
                    941
                ],
                [
                    1214,
                    948
                ],
                [
                    1328,
                    942
                ],
                [
                    1328,
                    838
                ],
                [
                    1179,
                    838
                ]
            ]
        },
        {
            "class_name": "balcony",
            "confidence_score": 0.97,
            "polygon": [
                [
                    651,
                    137
                ],
                [
                    654,
                    213
                ],
                [
                    980,
                    213
                ],
                [
                    989,
                    286
                ],
                [
                    1196,
                    286
                ],
                [
                    1203,
                    328
                ],
                [
                    1325,
                    327
                ],
                [
                    1328,
                    243
                ],
                [
                    1161,
                    241
                ],
                [
                    1152,
                    207
                ],
                [
                    1106,
                    203
                ],
                [
                    1105,
                    137
                ]
            ]
        },
        {
            "class_name": "balcony",
            "confidence_score": 0.97,
            "polygon": [
                [
                    117,
                    938
                ],
                [
                    1151,
                    948
                ],
                [
                    1157,
                    847
                ],
                [
                    117,
                    853
                ]
            ]
        },
        {
            "class_name": "balcony",
            "confidence_score": 0.97,
            "polygon": [
                [
                    25,
                    942
                ],
                [
                    38,
                    942
                ],
                [
                    42,
                    948
                ],
                [
                    88,
                    948
                ],
                [
                    88,
                    849
                ],
                [
                    25,
                    849
                ]
            ]
        },
        {
            "class_name": "elevator",
            "confidence_score": 0.96,
            "polygon": [
                [
                    333,
                    25
                ],
                [
                    333,
                    146
                ],
                [
                    541,
                    146
                ],
                [
                    541,
                    25
                ]
            ]
        },
        {
            "class_name": "bathroom",
            "confidence_score": 0.96,
            "polygon": [
                [
                    1060,
                    328
                ],
                [
                    1062,
                    399
                ],
                [
                    1033,
                    409
                ],
                [
                    1033,
                    525
                ],
                [
                    1166,
                    524
                ],
                [
                    1161,
                    328
                ]
            ]
        },
        {
            "class_name": "bathroom",
            "confidence_score": 0.96,
            "polygon": [
                [
                    88,
                    623
                ],
                [
                    88,
                    429
                ],
                [
                    25,
                    429
                ],
                [
                    25,
                    623
                ]
            ]
        },
        {
            "class_name": "bathroom",
            "confidence_score": 0.96,
            "polygon": [
                [
                    255,
                    623
                ],
                [
                    255,
                    429
                ],
                [
                    122,
                    429
                ],
                [
                    122,
                    623
                ]
            ]
        },
        {
            "class_name": "entrance",
            "confidence_score": 0.96,
            "polygon": [
                [
                    273,
                    367
                ],
                [
                    273,
                    506
                ],
                [
                    442,
                    501
                ],
                [
                    442,
                    368
                ],
                [
                    409,
                    365
                ],
                [
                    405,
                    349
                ],
                [
                    314,
                    349
                ],
                [
                    305,
                    367
                ]
            ]
        },
        {
            "class_name": "dressing_room",
            "confidence_score": 0.96,
            "polygon": [
                [
                    1184,
                    360
                ],
                [
                    1184,
                    427
                ],
                [
                    1317,
                    421
                ],
                [
                    1317,
                    360
                ]
            ]
        }
    ]
}