{
    "imagepath": "00001-09f7f470-9b8c-4375-b570-1711c9258c8d.png",
    "objects": [
        {
            "class_name": "background",
            "original_size": {
                "width": 3114,
                "height": 2160
            },
            "crop_size": {
                "width": 1380,
                "height": 1063
            },
            "bbox": {
                "xmin": 657,
                "ymin": 547,
                "xmax": 2037,
                "ymax": 1610
            },
            "confidence_score": "0.96"
        }
    ]
}