{
    "imagepath": "00001-7cc1f994-dd39-496c-ad55-6ba6c02597ee.png",
    "objects": [
        {
            "idx": 0,
            "class_name": "wall",
            "polygon": {
                "point1": [
                    999,
                    124
                ],
                "point2": [
                    999,
                    99
                ],
                "point3": [
                    984,
                    99
                ],
                "point4": [
                    984,
                    124
                ]
            },
            "confidence_score": 0.9
        },
        {
            "idx": 1,
            "class_name": "wall",
            "polygon": {
                "point1": [
                    921,
                    126
                ],
                "point2": [
                    922,
                    97
                ],
                "point3": [
                    886,
                    97
                ],
                "point4": [
                    886,
                    126
                ]
            },
            "confidence_score": 0.9
        },
        {
            "idx": 2,
            "class_name": "wall",
            "polygon": {
                "point1": [
                    1161,
                    981
                ],
                "point2": [
                    1204,
                    981
                ],
                "point3": [
                    1204,
                    953
                ],
                "point4": [
                    1161,
                    953
                ]
            },
            "confidence_score": 0.89
        },
        {
            "idx": 3,
            "class_name": "wall",
            "polygon": {
                "point1": [
                    1159,
                    233
                ],
                "point2": [
                    1202,
                    233
                ],
                "point3": [
                    1202,
                    208
                ],
                "point4": [
                    1159,
                    208
                ]
            },
            "confidence_score": 0.89
        },
        {
            "idx": 4,
            "class_name": "wall",
            "polygon": {
                "point1": [
                    1035,
                    981
                ],
                "point2": [
                    1035,
                    955
                ],
                "point3": [
                    931,
                    954
                ],
                "point4": [
                    931,
                    980
                ]
            },
            "confidence_score": 0.87
        },
        {
            "idx": 5,
            "class_name": "wall",
            "polygon": {
                "point1": [
                    1361,
                    232
                ],
                "point2": [
                    1361,
                    208
                ],
                "point3": [
                    1283,
                    207
                ],
                "point4": [
                    1283,
                    232
                ]
            },
            "confidence_score": 0.87
        },
        {
            "idx": 6,
            "class_name": "wall",
            "polygon": {
                "point1": [
                    1185,
                    346
                ],
                "point2": [
                    1217,
                    346
                ],
                "point3": [
                    1217,
                    334
                ],
                "point4": [
                    1185,
                    334
                ]
            },
            "confidence_score": 0.87
        },
        {
            "idx": 7,
            "class_name": "wall",
            "polygon": {
                "point1": [
                    1186,
                    126
                ],
                "point2": [
                    1186,
                    99
                ],
                "point3": [
                    1075,
                    98
                ],
                "point4": [
                    1075,
                    126
                ]
            },
            "confidence_score": 0.87
        },
        {
            "idx": 8,
            "class_name": "wall",
            "polygon": {
                "point1": [
                    552,
                    521
                ],
                "point2": [
                    552,
                    507
                ],
                "point3": [
                    495,
                    507
                ],
                "point4": [
                    495,
                    520
                ]
            },
            "confidence_score": 0.86
        },
        {
            "idx": 9,
            "class_name": "wall",
            "polygon": {
                "point1": [
                    1296,
                    980
                ],
                "point2": [
                    1361,
                    979
                ],
                "point3": [
                    1361,
                    953
                ],
                "point4": [
                    1296,
                    953
                ]
            },
            "confidence_score": 0.86
        },
        {
            "idx": 10,
            "class_name": "wall",
            "polygon": {
                "point1": [
                    569,
                    351
                ],
                "point2": [
                    570,
                    320
                ],
                "point3": [
                    412,
                    319
                ],
                "point4": [
                    411,
                    349
                ]
            },
            "confidence_score": 0.86
        },
        {
            "idx": 11,
            "class_name": "wall",
            "polygon": {
                "point1": [
                    648,
                    520
                ],
                "point2": [
                    648,
                    507
                ],
                "point3": [
                    625,
                    507
                ],
                "point4": [
                    625,
                    520
                ]
            },
            "confidence_score": 0.86
        },
        {
            "idx": 12,
            "class_name": "wall",
            "polygon": {
                "point1": [
                    453,
                    520
                ],
                "point2": [
                    453,
                    507
                ],
                "point3": [
                    413,
                    507
                ],
                "point4": [
                    413,
                    520
                ]
            },
            "confidence_score": 0.86
        },
        {
            "idx": 13,
            "class_name": "wall",
            "polygon": {
                "point1": [
                    1161,
                    847
                ],
                "point2": [
                    1175,
                    847
                ],
                "point3": [
                    1175,
                    828
                ],
                "point4": [
                    1161,
                    828
                ]
            },
            "confidence_score": 0.86
        },
        {
            "idx": 14,
            "class_name": "wall",
            "polygon": {
                "point1": [
                    302,
                    981
                ],
                "point2": [
                    432,
                    980
                ],
                "point3": [
                    432,
                    952
                ],
                "point4": [
                    302,
                    953
                ]
            },
            "confidence_score": 0.86
        },
        {
            "idx": 15,
            "class_name": "wall",
            "polygon": {
                "point1": [
                    1283,
                    347
                ],
                "point2": [
                    1331,
                    346
                ],
                "point3": [
                    1331,
                    333
                ],
                "point4": [
                    1282,
                    333
                ]
            },
            "confidence_score": 0.86
        },
        {
            "idx": 16,
            "class_name": "wall",
            "polygon": {
                "point1": [
                    935,
                    851
                ],
                "point2": [
                    1017,
                    850
                ],
                "point3": [
                    1017,
                    839
                ],
                "point4": [
                    935,
                    839
                ]
            },
            "confidence_score": 0.86
        },
        {
            "idx": 18,
            "class_name": "wall",
            "polygon": {
                "point1": [
                    1260,
                    547
                ],
                "point2": [
                    1320,
                    546
                ],
                "point3": [
                    1320,
                    534
                ],
                "point4": [
                    1260,
                    535
                ]
            },
            "confidence_score": 0.85
        },
        {
            "idx": 19,
            "class_name": "wall",
            "polygon": {
                "point1": [
                    691,
                    981
                ],
                "point2": [
                    691,
                    953
                ],
                "point3": [
                    557,
                    953
                ],
                "point4": [
                    557,
                    980
                ]
            },
            "confidence_score": 0.85
        },
        {
            "idx": 20,
            "class_name": "wall",
            "polygon": {
                "point1": [
                    1174,
                    954
                ],
                "point2": [
                    1174,
                    915
                ],
                "point3": [
                    1162,
                    915
                ],
                "point4": [
                    1162,
                    954
                ]
            },
            "confidence_score": 0.85
        },
        {
            "idx": 21,
            "class_name": "wall",
            "polygon": {
                "point1": [
                    309,
                    353
                ],
                "point2": [
                    309,
                    319
                ],
                "point3": [
                    26,
                    317
                ],
                "point4": [
                    26,
                    351
                ]
            },
            "confidence_score": 0.85
        },
        {
            "idx": 22,
            "class_name": "wall",
            "polygon": {
                "point1": [
                    307,
                    520
                ],
                "point2": [
                    307,
                    508
                ],
                "point3": [
                    267,
                    508
                ],
                "point4": [
                    267,
                    520
                ]
            },
            "confidence_score": 0.85
        },
        {
            "idx": 23,
            "class_name": "wall",
            "polygon": {
                "point1": [
                    1054,
                    402
                ],
                "point2": [
                    1054,
                    309
                ],
                "point3": [
                    1043,
                    309
                ],
                "point4": [
                    1042,
                    402
                ]
            },
            "confidence_score": 0.85
        },
        {
            "idx": 24,
            "class_name": "wall",
            "polygon": {
                "point1": [
                    575,
                    360
                ],
                "point2": [
                    648,
                    360
                ],
                "point3": [
                    648,
                    347
                ],
                "point4": [
                    575,
                    348
                ]
            },
            "confidence_score": 0.85
        },
        {
            "idx": 25,
            "class_name": "wall",
            "polygon": {
                "point1": [
                    647,
                    229
                ],
                "point2": [
                    648,
                    122
                ],
                "point3": [
                    634,
                    122
                ],
                "point4": [
                    633,
                    229
                ]
            },
            "confidence_score": 0.84
        },
        {
            "idx": 26,
            "class_name": "wall",
            "polygon": {
                "point1": [
                    462,
                    419
                ],
                "point2": [
                    463,
                    356
                ],
                "point3": [
                    448,
                    356
                ],
                "point4": [
                    447,
                    419
                ]
            },
            "confidence_score": 0.84
        },
        {
            "idx": 27,
            "class_name": "wall",
            "polygon": {
                "point1": [
                    983,
                    230
                ],
                "point2": [
                    983,
                    217
                ],
                "point3": [
                    886,
                    216
                ],
                "point4": [
                    886,
                    229
                ]
            },
            "confidence_score": 0.84
        },
        {
            "idx": 28,
            "class_name": "wall",
            "polygon": {
                "point1": [
                    326,
                    177
                ],
                "point2": [
                    327,
                    83
                ],
                "point3": [
                    305,
                    83
                ],
                "point4": [
                    304,
                    177
                ]
            },
            "confidence_score": 0.84
        },
        {
            "idx": 29,
            "class_name": "wall",
            "polygon": {
                "point1": [
                    1196,
                    346
                ],
                "point2": [
                    1196,
                    290
                ],
                "point3": [
                    1184,
                    290
                ],
                "point4": [
                    1184,
                    346
                ]
            },
            "confidence_score": 0.84
        },
        {
            "idx": 30,
            "class_name": "wall",
            "polygon": {
                "point1": [
                    498,
                    419
                ],
                "point2": [
                    498,
                    357
                ],
                "point3": [
                    485,
                    357
                ],
                "point4": [
                    485,
                    419
                ]
            },
            "confidence_score": 0.84
        },
        {
            "idx": 31,
            "class_name": "wall",
            "polygon": {
                "point1": [
                    93,
                    851
                ],
                "point2": [
                    93,
                    840
                ],
                "point3": [
                    32,
                    839
                ],
                "point4": [
                    32,
                    851
                ]
            },
            "confidence_score": 0.84
        },
        {
            "idx": 32,
            "class_name": "wall",
            "polygon": {
                "point1": [
                    1006,
                    839
                ],
                "point2": [
                    1036,
                    838
                ],
                "point3": [
                    1036,
                    827
                ],
                "point4": [
                    1006,
                    828
                ]
            },
            "confidence_score": 0.83
        },
        {
            "idx": 33,
            "class_name": "wall",
            "polygon": {
                "point1": [
                    428,
                    852
                ],
                "point2": [
                    428,
                    840
                ],
                "point3": [
                    304,
                    838
                ],
                "point4": [
                    304,
                    851
                ]
            },
            "confidence_score": 0.83
        },
        {
            "idx": 34,
            "class_name": "wall",
            "polygon": {
                "point1": [
                    982,
                    300
                ],
                "point2": [
                    983,
                    218
                ],
                "point3": [
                    971,
                    218
                ],
                "point4": [
                    970,
                    300
                ]
            },
            "confidence_score": 0.83
        },
        {
            "idx": 35,
            "class_name": "wall",
            "polygon": {
                "point1": [
                    753,
                    230
                ],
                "point2": [
                    753,
                    217
                ],
                "point3": [
                    635,
                    216
                ],
                "point4": [
                    635,
                    229
                ]
            },
            "confidence_score": 0.83
        },
        {
            "idx": 36,
            "class_name": "wall",
            "polygon": {
                "point1": [
                    694,
                    852
                ],
                "point2": [
                    694,
                    839
                ],
                "point3": [
                    560,
                    838
                ],
                "point4": [
                    560,
                    851
                ]
            },
            "confidence_score": 0.83
        },
        {
            "idx": 37,
            "class_name": "wall",
            "polygon": {
                "point1": [
                    1256,
                    438
                ],
                "point2": [
                    1319,
                    438
                ],
                "point3": [
                    1319,
                    426
                ],
                "point4": [
                    1256,
                    426
                ]
            },
            "confidence_score": 0.82
        },
        {
            "idx": 38,
            "class_name": "wall",
            "polygon": {
                "point1": [
                    1015,
                    541
                ],
                "point2": [
                    1028,
                    541
                ],
                "point3": [
                    1027,
                    389
                ],
                "point4": [
                    1014,
                    389
                ]
            },
            "confidence_score": 0.82
        },
        {
            "idx": 39,
            "class_name": "wall",
            "polygon": {
                "point1": [
                    1159,
                    197
                ],
                "point2": [
                    1160,
                    184
                ],
                "point3": [
                    1113,
                    184
                ],
                "point4": [
                    1113,
                    197
                ]
            },
            "confidence_score": 0.82
        },
        {
            "idx": 40,
            "class_name": "wall",
            "polygon": {
                "point1": [
                    541,
                    344
                ],
                "point2": [
                    577,
                    344
                ],
                "point3": [
                    576,
                    102
                ],
                "point4": [
                    539,
                    102
                ]
            },
            "confidence_score": 0.82
        },
        {
            "idx": 41,
            "class_name": "wall",
            "polygon": {
                "point1": [
                    1112,
                    194
                ],
                "point2": [
                    1125,
                    194
                ],
                "point3": [
                    1124,
                    123
                ],
                "point4": [
                    1111,
                    123
                ]
            },
            "confidence_score": 0.82
        },
        {
            "idx": 42,
            "class_name": "wall",
            "polygon": {
                "point1": [
                    1180,
                    463
                ],
                "point2": [
                    1181,
                    311
                ],
                "point3": [
                    1165,
                    311
                ],
                "point4": [
                    1165,
                    463
                ]
            },
            "confidence_score": 0.82
        },
        {
            "idx": 43,
            "class_name": "wall",
            "polygon": {
                "point1": [
                    747,
                    126
                ],
                "point2": [
                    747,
                    99
                ],
                "point3": [
                    543,
                    98
                ],
                "point4": [
                    543,
                    125
                ]
            },
            "confidence_score": 0.82
        },
        {
            "idx": 44,
            "class_name": "wall",
            "polygon": {
                "point1": [
                    647,
                    360
                ],
                "point2": [
                    648,
                    232
                ],
                "point3": [
                    634,
                    232
                ],
                "point4": [
                    633,
                    360
                ]
            },
            "confidence_score": 0.82
        },
        {
            "idx": 45,
            "class_name": "wall",
            "polygon": {
                "point1": [
                    1007,
                    820
                ],
                "point2": [
                    1009,
                    630
                ],
                "point3": [
                    995,
                    630
                ],
                "point4": [
                    993,
                    820
                ]
            },
            "confidence_score": 0.82
        },
        {
            "idx": 46,
            "class_name": "wall",
            "polygon": {
                "point1": [
                    266,
                    640
                ],
                "point2": [
                    266,
                    626
                ],
                "point3": [
                    117,
                    625
                ],
                "point4": [
                    117,
                    638
                ]
            },
            "confidence_score": 0.81
        },
        {
            "idx": 47,
            "class_name": "wall",
            "polygon": {
                "point1": [
                    992,
                    418
                ],
                "point2": [
                    993,
                    307
                ],
                "point3": [
                    979,
                    307
                ],
                "point4": [
                    978,
                    418
                ]
            },
            "confidence_score": 0.81
        },
        {
            "idx": 49,
            "class_name": "wall",
            "polygon": {
                "point1": [
                    1184,
                    228
                ],
                "point2": [
                    1184,
                    103
                ],
                "point3": [
                    1158,
                    103
                ],
                "point4": [
                    1158,
                    228
                ]
            },
            "confidence_score": 0.8
        },
        {
            "idx": 50,
            "class_name": "wall",
            "polygon": {
                "point1": [
                    1019,
                    547
                ],
                "point2": [
                    1179,
                    544
                ],
                "point3": [
                    1179,
                    530
                ],
                "point4": [
                    1019,
                    533
                ]
            },
            "confidence_score": 0.8
        },
        {
            "idx": 51,
            "class_name": "wall",
            "polygon": {
                "point1": [
                    32,
                    981
                ],
                "point2": [
                    172,
                    981
                ],
                "point3": [
                    172,
                    952
                ],
                "point4": [
                    32,
                    952
                ]
            },
            "confidence_score": 0.8
        },
        {
            "idx": 52,
            "class_name": "wall",
            "polygon": {
                "point1": [
                    20,
                    423
                ],
                "point2": [
                    93,
                    423
                ],
                "point3": [
                    93,
                    411
                ],
                "point4": [
                    20,
                    411
                ]
            },
            "confidence_score": 0.79
        },
        {
            "idx": 53,
            "class_name": "wall",
            "polygon": {
                "point1": [
                    111,
                    852
                ],
                "point2": [
                    176,
                    851
                ],
                "point3": [
                    176,
                    839
                ],
                "point4": [
                    111,
                    840
                ]
            },
            "confidence_score": 0.78
        },
        {
            "idx": 54,
            "class_name": "wall",
            "polygon": {
                "point1": [
                    633,
                    831
                ],
                "point2": [
                    634,
                    637
                ],
                "point3": [
                    615,
                    637
                ],
                "point4": [
                    614,
                    830
                ]
            },
            "confidence_score": 0.77
        },
        {
            "idx": 55,
            "class_name": "wall",
            "polygon": {
                "point1": [
                    1016,
                    850
                ],
                "point2": [
                    1017,
                    828
                ],
                "point3": [
                    1005,
                    828
                ],
                "point4": [
                    1005,
                    850
                ]
            },
            "confidence_score": 0.77
        },
        {
            "idx": 56,
            "class_name": "wall",
            "polygon": {
                "point1": [
                    543,
                    180
                ],
                "point2": [
                    544,
                    150
                ],
                "point3": [
                    123,
                    143
                ],
                "point4": [
                    123,
                    174
                ]
            },
            "confidence_score": 0.76
        },
        {
            "idx": 57,
            "class_name": "wall",
            "polygon": {
                "point1": [
                    270,
                    425
                ],
                "point2": [
                    270,
                    411
                ],
                "point3": [
                    116,
                    410
                ],
                "point4": [
                    116,
                    424
                ]
            },
            "confidence_score": 0.76
        },
        {
            "idx": 58,
            "class_name": "wall",
            "polygon": {
                "point1": [
                    1329,
                    810
                ],
                "point2": [
                    1362,
                    810
                ],
                "point3": [
                    1357,
                    236
                ],
                "point4": [
                    1324,
                    237
                ]
            },
            "confidence_score": 0.76
        },
        {
            "idx": 59,
            "class_name": "wall",
            "polygon": {
                "point1": [
                    1169,
                    841
                ],
                "point2": [
                    1330,
                    840
                ],
                "point3": [
                    1330,
                    826
                ],
                "point4": [
                    1169,
                    827
                ]
            },
            "confidence_score": 0.71
        },
        {
            "idx": 60,
            "class_name": "wall",
            "polygon": {
                "point1": [
                    573,
                    108
                ],
                "point2": [
                    573,
                    8
                ],
                "point3": [
                    541,
                    8
                ],
                "point4": [
                    540,
                    107
                ]
            },
            "confidence_score": 0.68
        },
        {
            "idx": 61,
            "class_name": "wall",
            "polygon": {
                "point1": [
                    371,
                    828
                ],
                "point2": [
                    372,
                    641
                ],
                "point3": [
                    360,
                    641
                ],
                "point4": [
                    359,
                    828
                ]
            },
            "confidence_score": 0.68
        },
        {
            "idx": 62,
            "class_name": "wall",
            "polygon": {
                "point1": [
                    635,
                    507
                ],
                "point2": [
                    649,
                    507
                ],
                "point3": [
                    648,
                    357
                ],
                "point4": [
                    634,
                    357
                ]
            },
            "confidence_score": 0.67
        },
        {
            "idx": 63,
            "class_name": "wall",
            "polygon": {
                "point1": [
                    255,
                    554
                ],
                "point2": [
                    269,
                    554
                ],
                "point3": [
                    267,
                    366
                ],
                "point4": [
                    253,
                    366
                ]
            },
            "confidence_score": 0.65
        },
        {
            "idx": 64,
            "class_name": "wall",
            "polygon": {
                "point1": [
                    531,
                    640
                ],
                "point2": [
                    531,
                    628
                ],
                "point3": [
                    379,
                    628
                ],
                "point4": [
                    379,
                    640
                ]
            },
            "confidence_score": 0.63
        },
        {
            "idx": 65,
            "class_name": "wall",
            "polygon": {
                "point1": [
                    1173,
                    322
                ],
                "point2": [
                    1173,
                    308
                ],
                "point3": [
                    1045,
                    307
                ],
                "point4": [
                    1045,
                    321
                ]
            },
            "confidence_score": 0.62
        },
        {
            "idx": 66,
            "class_name": "wall",
            "polygon": {
                "point1": [
                    89,
                    858
                ],
                "point2": [
                    118,
                    858
                ],
                "point3": [
                    116,
                    351
                ],
                "point4": [
                    87,
                    352
                ]
            },
            "confidence_score": 0.61
        },
        {
            "idx": 67,
            "class_name": "wall",
            "polygon": {
                "point1": [
                    984,
                    305
                ],
                "point2": [
                    1191,
                    303
                ],
                "point3": [
                    1191,
                    286
                ],
                "point4": [
                    984,
                    288
                ]
            },
            "confidence_score": 0.54
        },
        {
            "idx": 68,
            "class_name": "wall",
            "polygon": {
                "point1": [
                    19,
                    639
                ],
                "point2": [
                    94,
                    639
                ],
                "point3": [
                    94,
                    626
                ],
                "point4": [
                    19,
                    626
                ]
            },
            "confidence_score": 0.54
        },
        {
            "idx": 69,
            "class_name": "wall",
            "polygon": {
                "point1": [
                    254,
                    639
                ],
                "point2": [
                    268,
                    638
                ],
                "point3": [
                    268,
                    624
                ],
                "point4": [
                    254,
                    624
                ]
            },
            "confidence_score": 0.35
        },
        {
            "idx": 70,
            "class_name": "wall",
            "polygon": {
                "point1": [
                    1044,
                    412
                ],
                "point2": [
                    1053,
                    396
                ],
                "point3": [
                    1024,
                    380
                ],
                "point4": [
                    1015,
                    396
                ]
            },
            "confidence_score": 0.23
        }
    ]
}