{
    "imagepath": "00001-7cc1f994-dd39-496c-ad55-6ba6c02597ee.png",
    "objects": [
        {
            "class_name": "background",
            "original_size": {
                "width": 3114,
                "height": 2160
            },
            "crop_size": {
                "width": 1380,
                "height": 1063
            },
            "bbox": {
                "xmin": 657,
                "ymin": 547,
                "xmax": 2037,
                "ymax": 1610
            },
            "confidence_score": "0.96"
        }
    ]
}